epoch,categorical_accuracy,loss,lr,val_1-shot_10-way_acc,val_loss
1,0.028999999999999766,103.13276970780703,0.001,0.15566666666666668,2.5619958553991444
